[
  {
    "stateHome": "success",
    "searchUrl": "/search-result/?originCodes=&destinationCodes=BAK,BUS,DXB,FMG,TIVBDV&hotelIds=&subCategories=&calendarType=exactDate&dates=2025-12-31,2026-01-07&fullMonths=&paxByRoom=2,0,0&durations=&flightDirection=&category=vacation_pack&weekend=false&midweek=false#hidden=false",
    "time": "2025-06-03T09:19:45.977Z",
    "stateSearch": "succes",
    "productUrl": "/product-page?packageDates=2025-12-31,2026-01-07&hotelSupplier=Hotelbeds&flightDestCode=DXB&hotelCode=625437&paxByRoom=2,0,0&packCateg=vacation_pack&foOw=&outbound=&packageIds=&odyAgentCode=#hidden=false",
    "statePassenger": "success",
    "passengerUrl": "https://new.flying.co.il/booking/passenger-detail?category=vacation_pack&packageSelectionId=844a682e-c8ac-4206-b6e0-a5ccef59dbfb&flightId=1-221101-1&storeId=3a1e99bb-3c74-492d-b4fb-d5b0448161c9"
  },
  {
    "stateHome": "success",
    "searchUrl": "/search-result/?originCodes=&destinationCodes=AYA,BOJ,HER,QLI,VRN&hotelIds=&subCategories=&calendarType=exactDate&dates=2025-10-26,2025-10-30&fullMonths=&paxByRoom=2,0,0&durations=&flightDirection=&category=vacation_pack&weekend=false&midweek=false#hidden=false",
    "time": "2025-06-03T09:20:07.667Z",
    "stateSearch": "succes",
    "productUrl": "/product-page?packageDates=2025-10-26,2025-10-30&hotelSupplier=FlyingCarpet&flightDestCode=HER&hotelCode=58051&paxByRoom=2,0,0&packCateg=vacation_pack&foOw=&outbound=&packageIds=218877&odyAgentCode=#hidden=false"
  },
  {
    "stateHome": "success",
    "searchUrl": "/search-result/?originCodes=&destinationCodes=ATH,FMG,KYR,LCA,QLI&hotelIds=&subCategories=&calendarType=exactDate&dates=2025-10-25,2025-10-29&fullMonths=&paxByRoom=2,0,0&durations=&flightDirection=&category=vacation_pack&weekend=false&midweek=false#hidden=false",
    "time": "2025-06-03T09:41:26.391Z",
    "stateSearch": "succes",
    "productUrl": "/product-page?packageDates=2025-10-25,2025-10-29&hotelSupplier=FlyingCarpet&flightDestCode=ATH&hotelCode=61425&paxByRoom=2,0,0&packCateg=vacation_pack&foOw=&outbound=&packageIds=219671&odyAgentCode=#hidden=false",
    "statePassenger": "success",
    "passengerUrl": "https://new.flying.co.il/booking/passenger-detail?category=vacation_pack&packageSelectionId=a7dfc22f-adaa-4bda-b974-e33ea742a74f&flightId=1-219671-1&storeId=8112b82d-8f37-4974-849b-35d3b41d749e"
  },
  {
    "stateHome": "success",
    "searchUrl": "/search-result/?originCodes=&destinationCodes=COS,JMK,LJU,RHO,TIA&hotelIds=&subCategories=&calendarType=exactDate&dates=2025-10-23,2025-10-28&fullMonths=&paxByRoom=2,0,0&durations=&flightDirection=&category=vacation_pack&weekend=false&midweek=false#hidden=false",
    "time": "2025-06-03T09:42:03.796Z",
    "stateSearch": "succes",
    "productUrl": "/product-page?packageDates=2025-10-23,2025-10-28&hotelSupplier=FlyingCarpet&flightDestCode=RHO&hotelCode=61634&paxByRoom=2,0,0&packCateg=vacation_pack&foOw=&outbound=&packageIds=220743&odyAgentCode=#hidden=false",
    "statePassenger": "success",
    "passengerUrl": "https://new.flying.co.il/booking/passenger-detail?category=vacation_pack&packageSelectionId=be04ab33-8f10-4e57-8ff0-f9130eb5a3b9&flightId=1-220743-1&storeId=eb450812-70b1-471a-87f8-4aa7b257ce53"
  },
  {
    "stateHome": "success",
    "searchUrl": "/search-result/?originCodes=&destinationCodes=AUH,KYR,PMI,RHO,ZELKAP&hotelIds=&subCategories=&calendarType=exactDate&dates=2025-10-27,2025-10-30&fullMonths=&paxByRoom=2,0,0&durations=&flightDirection=&category=vacation_pack&weekend=false&midweek=false#hidden=false",
    "time": "2025-06-03T09:42:41.698Z",
    "stateSearch": "succes",
    "productUrl": "/product-page?packageDates=2025-10-27,2025-10-30&hotelSupplier=FlyingCarpet&flightDestCode=DXB&hotelCode=61399&paxByRoom=2,0,0&packCateg=vacation_pack&foOw=&outbound=&packageIds=219041&odyAgentCode=#hidden=false",
    "statePassenger": "success",
    "passengerUrl": "https://new.flying.co.il/booking/passenger-detail?category=vacation_pack&packageSelectionId=ec192668-2fdf-4c11-8857-533d344092e0&flightId=1-219041-1&storeId=408136cf-40a5-4312-bc57-7c0cabdbc220"
  },
  {
    "stateHome": "success",
    "searchUrl": "/search-result/?originCodes=&destinationCodes=ATH,AYA,BOJ,DXB,TVB&hotelIds=&subCategories=&calendarType=exactDate&dates=2025-10-31,2025-11-05&fullMonths=&paxByRoom=2,0,0&durations=&flightDirection=&category=vacation_pack&weekend=false&midweek=false#hidden=false",
    "time": "2025-06-03T09:43:13.227Z"
  },
  {
    "stateHome": "success",
    "searchUrl": "/search-result/?originCodes=&destinationCodes=AMS,BCN,DXB,TBS,TIA&hotelIds=&subCategories=&calendarType=exactDate&dates=2025-12-31,2026-01-07&fullMonths=&paxByRoom=2,0,0&durations=&flightDirection=&category=vacation_pack&weekend=false&midweek=false#hidden=false",
    "time": "2025-06-03T15:45:16.999Z",
    "stateSearch": "succes",
    "productUrl": "/product-page?packageDates=2025-12-31,2026-01-07&hotelSupplier=FlyingCarpet&flightDestCode=DXB&hotelCode=60841&paxByRoom=2,0,0&packCateg=vacation_pack&foOw=&outbound=&packageIds=221129&odyAgentCode=#hidden=false",
    "statePassenger": "success",
    "passengerUrl": "https://new.flying.co.il/booking/passenger-detail?category=vacation_pack&packageSelectionId=92a0cfb5-971b-42f7-8473-2383e7a8e9a6&flightId=1-221129-1&storeId=70537fc1-40c0-4254-961e-feed8c1f7c4d"
  },
  {
    "stateHome": "success",
    "searchUrl": "/search-result/?originCodes=&destinationCodes=AGP,AMS,GRR,HER,LJU&hotelIds=&subCategories=&calendarType=exactDate&dates=2025-10-26,2025-10-30&fullMonths=&paxByRoom=2,0,0&durations=&flightDirection=&category=vacation_pack&weekend=false&midweek=false#hidden=false",
    "time": "2025-06-03T16:28:08.612Z"
  },
  {
    "stateHome": "success",
    "searchUrl": "/search-result/?originCodes=&destinationCodes=BAK,HDB,ROM,TBS,TIVBDV&hotelIds=&subCategories=&calendarType=exactDate&dates=2025-12-28,2026-01-01&fullMonths=&paxByRoom=2,0,0&durations=&flightDirection=&category=vacation_pack&weekend=false&midweek=false#hidden=false",
    "time": "2025-06-03T16:29:46.522Z",
    "stateSearch": "succes",
    "productUrl": "/product-page?packageDates=2025-12-28,2026-01-01&hotelSupplier=FlyingCarpet&flightDestCode=BAK&hotelCode=61690&paxByRoom=2,0,0&packCateg=vacation_pack&foOw=&outbound=&packageIds=218851&odyAgentCode=#hidden=false",
    "statePassenger": "success",
    "passengerUrl": "https://new.flying.co.il/booking/passenger-detail?category=vacation_pack&packageSelectionId=17d756d0-efaa-4981-9517-e0cff3c93a6e&flightId=1-218851-1&storeId=2e00f6bd-f887-4c32-a255-b2356b0dd578"
  },
  {
    "stateHome": "success",
    "searchUrl": "/search-result/?originCodes=&destinationCodes=AGP,ATH,HER,LCA,TIA&hotelIds=&subCategories=&calendarType=exactDate&dates=2025-10-26,2025-10-30&fullMonths=&paxByRoom=2,0,0&durations=&flightDirection=&category=vacation_pack&weekend=false&midweek=false#hidden=false",
    "time": "2025-06-03T16:33:13.070Z",
    "stateSearch": "succes",
    "productUrl": "/product-page?packageDates=2025-10-26,2025-10-30&hotelSupplier=FlyingCarpet&flightDestCode=HER&hotelCode=57129&paxByRoom=2,0,0&packCateg=vacation_pack&foOw=&outbound=&packageIds=218877&odyAgentCode=#hidden=false",
    "statePassenger": "success",
    "passengerUrl": "https://new.flying.co.il/booking/passenger-detail?category=vacation_pack&packageSelectionId=688f3c4f-4aa3-4d89-ba44-b3ecb3dfbfbc&flightId=1-218877-1&storeId=f66bff17-b202-4635-b31e-1c639f9d8feb"
  },
  {
    "stateHome": "success",
    "searchUrl": "/search-result/?originCodes=&destinationCodes=AGP,JMK,PMI,RHO,TIA&hotelIds=&subCategories=&calendarType=exactDate&dates=2025-10-23,2025-10-28&fullMonths=&paxByRoom=2,0,0&durations=&flightDirection=&category=vacation_pack&weekend=false&midweek=false#hidden=false",
    "time": "2025-06-03T16:33:29.929Z"
  },
  {
    "stateHome": "success",
    "searchUrl": "/search-result/?originCodes=&destinationCodes=DXB,LCA,PFO,ROM,ZAG&hotelIds=&subCategories=&calendarType=exactDate&dates=2025-12-31,2026-01-07&fullMonths=&paxByRoom=2,0,0&durations=&flightDirection=&category=vacation_pack&weekend=false&midweek=false#hidden=false",
    "time": "2025-06-03T23:33:45.350Z",
    "stateSearch": "succes",
    "productUrl": "/product-page?packageDates=2025-12-31,2026-01-07&hotelSupplier=Hotelbeds&flightDestCode=DXB&hotelCode=625437&paxByRoom=2,0,0&packCateg=vacation_pack&foOw=&outbound=&packageIds=&odyAgentCode=#hidden=false",
    "statePassenger": "success",
    "passengerUrl": "https://new.flying.co.il/booking/passenger-detail?category=vacation_pack&packageSelectionId=dcff91af-68f6-4ab3-b1e3-5fcff0e6c5dc&flightId=1-221101-1&storeId=1425e26d-11ab-45ed-8203-ffb3d1a6fbd5"
  },
  {
    "stateHome": "success",
    "searchUrl": "/search-result/?originCodes=&destinationCodes=ATH,BUS,GRR,LCA,MIL&hotelIds=&subCategories=&calendarType=exactDate&dates=2025-10-25,2025-10-29&fullMonths=&paxByRoom=2,0,0&durations=&flightDirection=&category=vacation_pack&weekend=false&midweek=false#hidden=false",
    "time": "2025-06-03T23:43:54.382Z",
    "stateSearch": "succes",
    "productUrl": "/product-page?packageDates=2025-10-25,2025-10-29&hotelSupplier=FlyingCarpet&flightDestCode=ATH&hotelCode=60985&paxByRoom=2,0,0&packCateg=vacation_pack&foOw=&outbound=&packageIds=219671&odyAgentCode=#hidden=false",
    "statePassenger": "success",
    "passengerUrl": "https://new.flying.co.il/booking/passenger-detail?category=vacation_pack&packageSelectionId=d36b220f-3eca-4881-b44e-2f59fa8f6635&flightId=1-219671-1&storeId=c63f8231-c8d3-443a-978e-4cf6a56d79f5"
  },
  {
    "stateHome": "success",
    "searchUrl": "/search-result/?originCodes=&destinationCodes=AUH,BUS,DXB,FMG,PRT&hotelIds=&subCategories=&calendarType=exactDate&dates=2025-12-31,2026-01-07&fullMonths=&paxByRoom=2,0,0&durations=&flightDirection=&category=vacation_pack&weekend=false&midweek=false#hidden=false",
    "time": "2025-06-03T23:44:35.756Z",
    "stateSearch": "succes",
    "productUrl": "/product-page?packageDates=2025-12-31,2026-01-07&hotelSupplier=Hotelbeds&flightDestCode=DXB&hotelCode=625437&paxByRoom=2,0,0&packCateg=vacation_pack&foOw=&outbound=&packageIds=&odyAgentCode=#hidden=false",
    "statePassenger": "success",
    "passengerUrl": "https://new.flying.co.il/booking/passenger-detail?category=vacation_pack&packageSelectionId=d925affa-8f56-473f-b325-b99b7321902a&flightId=1-221101-1&storeId=849e7e0c-7f8d-4568-b9c7-4a95702ad64b"
  },
  {
    "stateHome": "success",
    "searchUrl": "/search-result/?originCodes=&destinationCodes=AGP,JMK,KYR,TIA,ZAG&hotelIds=&subCategories=&calendarType=exactDate&dates=2025-10-20,2025-10-24&fullMonths=&paxByRoom=2,0,0&durations=&flightDirection=&category=vacation_pack&weekend=false&midweek=false#hidden=false",
    "time": "2025-06-03T23:45:59.967Z",
    "stateSearch": "succes",
    "productUrl": "/product-page?packageDates=2025-10-20,2025-10-24&hotelSupplier=FlyingCarpet&flightDestCode=LCA&hotelCode=59561&paxByRoom=2,0,0&packCateg=vacation_pack&foOw=&outbound=&packageIds=218961&odyAgentCode=#hidden=false"
  },
  {
    "stateHome": "success",
    "searchUrl": "/search-result/?originCodes=&destinationCodes=AUH,BSL,PMI,TIA,VRN&hotelIds=&subCategories=&calendarType=exactDate&dates=2025-10-27,2025-10-30&fullMonths=&paxByRoom=2,0,0&durations=&flightDirection=&category=vacation_pack&weekend=false&midweek=false#hidden=false",
    "time": "2025-06-03T23:47:01.690Z",
    "stateSearch": "succes",
    "productUrl": "/product-page?packageDates=2025-10-27,2025-10-30&hotelSupplier=FlyingCarpet&flightDestCode=DXB&hotelCode=61399&paxByRoom=2,0,0&packCateg=vacation_pack&foOw=&outbound=&packageIds=219041&odyAgentCode=#hidden=false",
    "statePassenger": "success",
    "passengerUrl": "https://new.flying.co.il/booking/passenger-detail?category=vacation_pack&packageSelectionId=4a30139f-1a8b-4c8f-9c5d-c645f1324cb6&flightId=1-219041-1&storeId=3a87aaef-bdae-441d-af55-ed068ab37906"
  },
  {
    "stateHome": "success",
    "searchUrl": "/search-result/?originCodes=&destinationCodes=FMG,KYR,PRT,TIA,VRN&hotelIds=&subCategories=&calendarType=exactDate&dates=2025-10-20,2025-10-24&fullMonths=&paxByRoom=2,0,0&durations=&flightDirection=&category=vacation_pack&weekend=false&midweek=false#hidden=false",
    "time": "2025-06-03T23:48:27.341Z",
    "stateSearch": "succes",
    "productUrl": "/product-page?packageDates=2025-10-20,2025-10-24&hotelSupplier=FlyingCarpet&flightDestCode=LCA&hotelCode=61254&paxByRoom=2,0,0&packCateg=vacation_pack&foOw=&outbound=&packageIds=218943&odyAgentCode=#hidden=false"
  },
  {
    "stateHome": "success",
    "searchUrl": "/search-result/?originCodes=&destinationCodes=FMG,HER,KYR,MIL,TIA&hotelIds=&subCategories=&calendarType=exactDate&dates=2025-10-26,2025-10-30&fullMonths=&paxByRoom=2,0,0&durations=&flightDirection=&category=vacation_pack&weekend=false&midweek=false#hidden=false",
    "time": "2025-06-03T23:52:54.635Z",
    "stateSearch": "succes",
    "productUrl": "/product-page?packageDates=2025-10-26,2025-10-30&hotelSupplier=FlyingCarpet&flightDestCode=HER&hotelCode=61625&paxByRoom=2,0,0&packCateg=vacation_pack&foOw=&outbound=&packageIds=218877&odyAgentCode=#hidden=false"
  },
  {
    "stateHome": "success",
    "searchUrl": "/search-result/?originCodes=&destinationCodes=AGP,BAK,LCA,PMI,TIA&hotelIds=&subCategories=&calendarType=exactDate&dates=2025-12-28,2026-01-01&fullMonths=&paxByRoom=2,0,0&durations=&flightDirection=&category=vacation_pack&weekend=false&midweek=false#hidden=false",
    "time": "2025-06-03T23:54:54.946Z",
    "stateSearch": "succes",
    "productUrl": "/product-page?packageDates=2025-12-28,2026-01-01&hotelSupplier=FlyingCarpet&flightDestCode=BAK&hotelCode=61691&paxByRoom=2,0,0&packCateg=vacation_pack&foOw=&outbound=&packageIds=218851&odyAgentCode=#hidden=false",
    "statePassenger": "success",
    "passengerUrl": "https://new.flying.co.il/booking/passenger-detail?category=vacation_pack&packageSelectionId=07d26f38-c630-43ad-957b-e8309ccc7f65&flightId=1-218851-1&storeId=f8192a9f-21ce-49a1-8031-8b34f194a251"
  },
  {
    "stateHome": "success",
    "searchUrl": "/search-result/?originCodes=&destinationCodes=BOJ,BUS,QLI,TIVBDV,TVB&hotelIds=&subCategories=&calendarType=exactDate&dates=2025-10-23,2025-10-26&fullMonths=&paxByRoom=2,0,0&durations=&flightDirection=&category=vacation_pack&weekend=false&midweek=false#hidden=false",
    "time": "2025-06-03T23:55:30.733Z",
    "stateSearch": "succes",
    "productUrl": "/product-page?packageDates=2025-10-23,2025-10-26&hotelSupplier=Hotelbeds&flightDestCode=BUS&hotelCode=407500&paxByRoom=2,0,0&packCateg=vacation_pack&foOw=&outbound=&packageIds=&odyAgentCode=#hidden=false"
  },
  {
    "stateHome": "success",
    "searchUrl": "/search-result/?originCodes=&destinationCodes=BUS,FMG,LCA,PRT,TBS&hotelIds=&subCategories=&calendarType=exactDate&dates=2025-10-23,2025-10-26&fullMonths=&paxByRoom=2,0,0&durations=&flightDirection=&category=vacation_pack&weekend=false&midweek=false#hidden=false",
    "time": "2025-06-03T23:56:39.013Z",
    "stateSearch": "succes",
    "productUrl": "/product-page?packageDates=2025-10-23,2025-10-26&hotelSupplier=FlyingCarpet&flightDestCode=BUS&hotelCode=61287&paxByRoom=2,0,0&packCateg=vacation_pack&foOw=&outbound=&packageIds=216878&odyAgentCode=#hidden=false"
  },
  {
    "stateHome": "success",
    "searchUrl": "/search-result/?originCodes=&destinationCodes=GRR,QLI,VRN,ZAG,ZELKAP&hotelIds=&subCategories=&calendarType=exactDate&dates=2025-10-20,2025-10-24&fullMonths=&paxByRoom=2,0,0&durations=&flightDirection=&category=vacation_pack&weekend=false&midweek=false#hidden=false",
    "time": "2025-06-03T23:58:00.176Z",
    "stateSearch": "succes",
    "productUrl": "/product-page?packageDates=2025-10-20,2025-10-24&hotelSupplier=FlyingCarpet&flightDestCode=LCA&hotelCode=59297&paxByRoom=2,0,0&packCateg=vacation_pack&foOw=&outbound=&packageIds=218943&odyAgentCode=#hidden=false"
  },
  {
    "stateHome": "success",
    "searchUrl": "/search-result/?originCodes=&destinationCodes=BOJ,PFO,PMI,TBS,ZAG&hotelIds=&subCategories=&calendarType=exactDate&dates=2025-10-20,2025-10-24&fullMonths=&paxByRoom=2,0,0&durations=&flightDirection=&category=vacation_pack&weekend=false&midweek=false#hidden=false",
    "time": "2025-06-04T00:00:18.029Z",
    "stateSearch": "succes",
    "productUrl": "/product-page?packageDates=2025-10-20,2025-10-24&hotelSupplier=FlyingCarpet&flightDestCode=LCA&hotelCode=57162&paxByRoom=2,0,0&packCateg=vacation_pack&foOw=&outbound=&packageIds=218943&odyAgentCode=#hidden=false"
  },
  {
    "stateHome": "success",
    "searchUrl": "/search-result/?originCodes=&destinationCodes=AYA,BUS,GRR,ROM,TIA&hotelIds=&subCategories=&calendarType=exactDate&dates=2025-12-14,2025-12-18&fullMonths=&paxByRoom=2,0,0&durations=&flightDirection=&category=vacation_pack&weekend=false&midweek=false#hidden=false",
    "time": "2025-06-04T00:04:01.828Z",
    "stateSearch": "succes",
    "productUrl": "/product-page?packageDates=2025-12-14,2025-12-18&hotelSupplier=FlyingCarpet&flightDestCode=ROM&hotelCode=44312&paxByRoom=2,0,0&packCateg=vacation_pack&foOw=&outbound=&packageIds=221172&odyAgentCode=#hidden=false",
    "statePassenger": "success",
    "passengerUrl": "https://new.flying.co.il/booking/passenger-detail?category=vacation_pack&packageSelectionId=258585d2-4ae5-46d3-a669-4168cb246176&flightId=1-221172-1&storeId=ddfb579b-b40d-4725-857b-682513296a92"
  },
  {
    "stateHome": "success",
    "searchUrl": "/search-result/?originCodes=&destinationCodes=AMS,JMK,LCA,MIL,PFO&hotelIds=&subCategories=&calendarType=exactDate&dates=2025-10-20,2025-10-24&fullMonths=&paxByRoom=2,0,0&durations=&flightDirection=&category=vacation_pack&weekend=false&midweek=false#hidden=false",
    "time": "2025-06-04T00:06:13.465Z",
    "stateSearch": "succes",
    "productUrl": "/product-page?packageDates=2025-10-20,2025-10-24&hotelSupplier=FlyingCarpet&flightDestCode=LCA&hotelCode=52732&paxByRoom=2,0,0&packCateg=vacation_pack&foOw=&outbound=&packageIds=218943&odyAgentCode=#hidden=false"
  },
  {
    "stateHome": "success",
    "searchUrl": "/search-result/?originCodes=&destinationCodes=BAK,JMK,PFO,QLI,TIVBDV&hotelIds=&subCategories=&calendarType=exactDate&dates=2025-12-28,2026-01-01&fullMonths=&paxByRoom=2,0,0&durations=&flightDirection=&category=vacation_pack&weekend=false&midweek=false#hidden=false",
    "time": "2025-06-04T00:09:30.486Z",
    "stateSearch": "succes",
    "productUrl": "/product-page?packageDates=2025-12-28,2026-01-01&hotelSupplier=FlyingCarpet&flightDestCode=BAK&hotelCode=61690&paxByRoom=2,0,0&packCateg=vacation_pack&foOw=&outbound=&packageIds=218851&odyAgentCode=#hidden=false",
    "statePassenger": "success",
    "passengerUrl": "https://new.flying.co.il/booking/passenger-detail?category=vacation_pack&packageSelectionId=faad450d-47b8-4089-a96e-dc1d808cf7d4&flightId=1-218851-1&storeId=35fde737-5f91-4396-9326-df08ac3a2a39"
  },
  {
    "stateHome": "success",
    "searchUrl": "/search-result/?originCodes=&destinationCodes=ATH,BOJ,JMK,PRT,ZAG&hotelIds=&subCategories=&calendarType=exactDate&dates=2025-10-25,2025-10-29&fullMonths=&paxByRoom=2,0,0&durations=&flightDirection=&category=vacation_pack&weekend=false&midweek=false#hidden=false",
    "time": "2025-06-04T00:11:46.642Z",
    "stateSearch": "succes",
    "productUrl": "/product-page?packageDates=2025-10-25,2025-10-29&hotelSupplier=FlyingCarpet&flightDestCode=ATH&hotelCode=60985&paxByRoom=2,0,0&packCateg=vacation_pack&foOw=&outbound=&packageIds=219671&odyAgentCode=#hidden=false",
    "statePassenger": "success",
    "passengerUrl": "https://new.flying.co.il/booking/passenger-detail?category=vacation_pack&packageSelectionId=cb5471b2-ec02-4372-9f06-c5475b8a80c0&flightId=1-219671-1&storeId=c43c4d00-b71b-4e69-8d1a-a439559da8bd"
  },
  {
    "stateHome": "success",
    "searchUrl": "/search-result/?originCodes=&destinationCodes=ATH,AYA,COS,PFO,PRT&hotelIds=&subCategories=&calendarType=exactDate&dates=2025-08-31,2025-09-06&fullMonths=&paxByRoom=2,0,0&durations=&flightDirection=&category=vacation_pack&weekend=false&midweek=false#hidden=false",
    "time": "2025-06-04T00:12:44.557Z"
  },
  {
    "stateHome": "success",
    "searchUrl": "/search-result/?originCodes=&destinationCodes=AYA,BCN,DXB,QLI,TIA&hotelIds=&subCategories=&calendarType=exactDate&dates=2025-12-31,2026-01-07&fullMonths=&paxByRoom=2,0,0&durations=&flightDirection=&category=vacation_pack&weekend=false&midweek=false#hidden=false",
    "time": "2025-06-04T00:15:37.191Z",
    "stateSearch": "succes",
    "productUrl": "/product-page?packageDates=2025-12-31,2026-01-07&hotelSupplier=FlyingCarpet&flightDestCode=DXB&hotelCode=61137&paxByRoom=2,0,0&packCateg=vacation_pack&foOw=&outbound=&packageIds=221129&odyAgentCode=#hidden=false",
    "statePassenger": "success",
    "passengerUrl": "https://new.flying.co.il/booking/passenger-detail?category=vacation_pack&packageSelectionId=3a2cd3f6-a505-4e3e-83d3-88f3ee8af5e7&flightId=1-221129-1&storeId=315c6437-2f12-4c85-becf-280ae3328f5c"
  },
  {
    "stateHome": "success",
    "searchUrl": "/search-result/?originCodes=&destinationCodes=FMG,HDB,PMI,ROM,TIA&hotelIds=&subCategories=&calendarType=exactDate&dates=2025-12-14,2025-12-18&fullMonths=&paxByRoom=2,0,0&durations=&flightDirection=&category=vacation_pack&weekend=false&midweek=false#hidden=false",
    "time": "2025-06-04T00:16:48.628Z",
    "stateSearch": "succes",
    "productUrl": "/product-page?packageDates=2025-12-14,2025-12-18&hotelSupplier=FlyingCarpet&flightDestCode=ROM&hotelCode=44212&paxByRoom=2,0,0&packCateg=vacation_pack&foOw=&outbound=&packageIds=221172&odyAgentCode=#hidden=false",
    "statePassenger": "success",
    "passengerUrl": "https://new.flying.co.il/booking/passenger-detail?category=vacation_pack&packageSelectionId=4940b03c-b071-4b78-a276-f065ed13e276&flightId=1-221172-1&storeId=29815ab4-2ed5-4394-bd18-c0770f78d80c"
  },
  {
    "stateHome": "success",
    "searchUrl": "/search-result/?originCodes=&destinationCodes=BOJ,HER,KYR,LJU,RHO&hotelIds=&subCategories=&calendarType=exactDate&dates=2025-10-26,2025-10-30&fullMonths=&paxByRoom=2,0,0&durations=&flightDirection=&category=vacation_pack&weekend=false&midweek=false#hidden=false",
    "time": "2025-06-04T00:17:48.461Z",
    "stateSearch": "succes",
    "productUrl": "/product-page?packageDates=2025-10-26,2025-10-30&hotelSupplier=FlyingCarpet&flightDestCode=HER&hotelCode=53807&paxByRoom=2,0,0&packCateg=vacation_pack&foOw=&outbound=&packageIds=218877&odyAgentCode=#hidden=false"
  },
  {
    "stateHome": "success",
    "searchUrl": "/search-result/?originCodes=&destinationCodes=DXB,FMG,MIL,PMI,QLI&hotelIds=&subCategories=&calendarType=exactDate&dates=2025-12-31,2026-01-07&fullMonths=&paxByRoom=2,0,0&durations=&flightDirection=&category=vacation_pack&weekend=false&midweek=false#hidden=false",
    "time": "2025-06-04T00:20:01.725Z",
    "stateSearch": "succes",
    "productUrl": "/product-page?packageDates=2025-12-31,2026-01-07&hotelSupplier=FlyingCarpet&flightDestCode=DXB&hotelCode=61137&paxByRoom=2,0,0&packCateg=vacation_pack&foOw=&outbound=&packageIds=221129&odyAgentCode=#hidden=false",
    "statePassenger": "success",
    "passengerUrl": "https://new.flying.co.il/booking/passenger-detail?category=vacation_pack&packageSelectionId=80693356-67d4-4c30-a618-7582adbfd179&flightId=1-221129-1&storeId=ddd7c114-c794-41d5-95ad-16c4aae594a2"
  },
  {
    "stateHome": "success",
    "searchUrl": "/search-result/?originCodes=&destinationCodes=AUH,DXB,FMG,PFO,TIA&hotelIds=&subCategories=&calendarType=exactDate&dates=2025-12-31,2026-01-07&fullMonths=&paxByRoom=2,0,0&durations=&flightDirection=&category=vacation_pack&weekend=false&midweek=false#hidden=false",
    "time": "2025-06-04T00:21:39.576Z",
    "stateSearch": "succes",
    "productUrl": "/product-page?packageDates=2025-12-31,2026-01-07&hotelSupplier=Hotelbeds&flightDestCode=DXB&hotelCode=625437&paxByRoom=2,0,0&packCateg=vacation_pack&foOw=&outbound=&packageIds=&odyAgentCode=#hidden=false",
    "statePassenger": "success",
    "passengerUrl": "https://new.flying.co.il/booking/passenger-detail?category=vacation_pack&packageSelectionId=da478b8a-eb03-4268-87dd-3903dfd78ed8&flightId=1-221101-1&storeId=112fd051-ed24-409e-94bd-d412880b6d19"
  },
  {
    "stateHome": "success",
    "searchUrl": "/search-result/?originCodes=&destinationCodes=KYR,LJU,PMI,TBS,TVB&hotelIds=&subCategories=&calendarType=exactDate&dates=2025-10-20,2025-10-24&fullMonths=&paxByRoom=2,0,0&durations=&flightDirection=&category=vacation_pack&weekend=false&midweek=false#hidden=false",
    "time": "2025-06-04T00:22:36.218Z",
    "stateSearch": "succes",
    "productUrl": "/product-page?packageDates=2025-10-20,2025-10-24&hotelSupplier=FlyingCarpet&flightDestCode=LCA&hotelCode=58124&paxByRoom=2,0,0&packCateg=vacation_pack&foOw=&outbound=&packageIds=218961&odyAgentCode=#hidden=false"
  },
  {
    "stateHome": "success",
    "searchUrl": "/search-result/?originCodes=&destinationCodes=ATH,BCN,BSL,GRR,ZAG&hotelIds=&subCategories=&calendarType=exactDate&dates=2025-10-25,2025-10-29&fullMonths=&paxByRoom=2,0,0&durations=&flightDirection=&category=vacation_pack&weekend=false&midweek=false#hidden=false",
    "time": "2025-06-04T00:24:47.683Z",
    "stateSearch": "succes",
    "productUrl": "/product-page?packageDates=2025-10-25,2025-10-29&hotelSupplier=Hotelbeds&flightDestCode=ATH&hotelCode=5301&paxByRoom=2,0,0&packCateg=vacation_pack&foOw=&outbound=&packageIds=&odyAgentCode=#hidden=false",
    "statePassenger": "success",
    "passengerUrl": "https://new.flying.co.il/booking/passenger-detail?category=vacation_pack&packageSelectionId=8c1327e3-010e-4ca4-a876-525086aee944&flightId=1-218528-1&storeId=26b75534-b221-49ae-b806-cc9e1a99265f"
  },
  {
    "stateHome": "success",
    "searchUrl": "/search-result/?originCodes=&destinationCodes=KYR,MIL,TIA,ZAG,ZELKAP&hotelIds=&subCategories=&calendarType=exactDate&dates=2025-10-20,2025-10-24&fullMonths=&paxByRoom=2,0,0&durations=&flightDirection=&category=vacation_pack&weekend=false&midweek=false#hidden=false",
    "time": "2025-06-04T00:26:38.770Z",
    "stateSearch": "succes",
    "productUrl": "/product-page?packageDates=2025-10-20,2025-10-24&hotelSupplier=FlyingCarpet&flightDestCode=LCA&hotelCode=59561&paxByRoom=2,0,0&packCateg=vacation_pack&foOw=&outbound=&packageIds=218961&odyAgentCode=#hidden=false"
  },
  {
    "stateHome": "success",
    "searchUrl": "/search-result/?originCodes=&destinationCodes=AMS,BUS,FMG,TBS,VRN&hotelIds=&subCategories=&calendarType=exactDate&dates=2025-10-23,2025-10-26&fullMonths=&paxByRoom=2,0,0&durations=&flightDirection=&category=vacation_pack&weekend=false&midweek=false#hidden=false",
    "time": "2025-06-04T00:28:22.951Z",
    "stateSearch": "succes",
    "productUrl": "/product-page?packageDates=2025-10-23,2025-10-26&hotelSupplier=Hotelbeds&flightDestCode=BUS&hotelCode=610400&paxByRoom=2,0,0&packCateg=vacation_pack&foOw=&outbound=&packageIds=&odyAgentCode=#hidden=false"
  },
  {
    "stateHome": "success",
    "searchUrl": "/search-result/?originCodes=&destinationCodes=AGP,AYA,BUS,HER,LCA&hotelIds=&subCategories=&calendarType=exactDate&dates=2025-10-26,2025-10-30&fullMonths=&paxByRoom=2,0,0&durations=&flightDirection=&category=vacation_pack&weekend=false&midweek=false#hidden=false",
    "time": "2025-06-04T00:30:10.645Z",
    "stateSearch": "succes",
    "productUrl": "/product-page?packageDates=2025-10-26,2025-10-30&hotelSupplier=FlyingCarpet&flightDestCode=HER&hotelCode=53807&paxByRoom=2,0,0&packCateg=vacation_pack&foOw=&outbound=&packageIds=218877&odyAgentCode=#hidden=false"
  },
  {
    "stateHome": "success",
    "searchUrl": "/search-result/?originCodes=&destinationCodes=AMS,BAK,BSL,HDB,JMK&hotelIds=&subCategories=&calendarType=exactDate&dates=2025-12-28,2026-01-01&fullMonths=&paxByRoom=2,0,0&durations=&flightDirection=&category=vacation_pack&weekend=false&midweek=false#hidden=false",
    "time": "2025-06-04T00:31:38.511Z",
    "stateSearch": "succes",
    "productUrl": "/product-page?packageDates=2025-12-28,2026-01-01&hotelSupplier=FlyingCarpet&flightDestCode=BAK&hotelCode=58681&paxByRoom=2,0,0&packCateg=vacation_pack&foOw=&outbound=&packageIds=218851&odyAgentCode=#hidden=false",
    "statePassenger": "success",
    "passengerUrl": "https://new.flying.co.il/booking/passenger-detail?category=vacation_pack&packageSelectionId=0ef2dfe4-64e4-45dd-b45a-c4b50f642617&flightId=1-218851-1&storeId=27688708-4f62-468f-9ea6-6b82f31ae5eb"
  },
  {
    "stateHome": "success",
    "searchUrl": "/search-result/?originCodes=&destinationCodes=AYA,JMK,LCA,VRN,ZAG&hotelIds=&subCategories=&calendarType=exactDate&dates=2025-10-20,2025-10-24&fullMonths=&paxByRoom=2,0,0&durations=&flightDirection=&category=vacation_pack&weekend=false&midweek=false#hidden=false",
    "time": "2025-06-04T00:33:55.700Z",
    "stateSearch": "succes",
    "productUrl": "/product-page?packageDates=2025-10-20,2025-10-24&hotelSupplier=FlyingCarpet&flightDestCode=LCA&hotelCode=51849&paxByRoom=2,0,0&packCateg=vacation_pack&foOw=&outbound=&packageIds=218943&odyAgentCode=#hidden=false"
  },
  {
    "stateHome": "success",
    "searchUrl": "/search-result/?originCodes=&destinationCodes=BCN,BUS,JMK,PFO,TIVBDV&hotelIds=&subCategories=&calendarType=exactDate&dates=2025-10-23,2025-10-26&fullMonths=&paxByRoom=2,0,0&durations=&flightDirection=&category=vacation_pack&weekend=false&midweek=false#hidden=false",
    "time": "2025-06-04T00:36:38.375Z",
    "stateSearch": "succes",
    "productUrl": "/product-page?packageDates=2025-10-23,2025-10-26&hotelSupplier=Hotelbeds&flightDestCode=BUS&hotelCode=610400&paxByRoom=2,0,0&packCateg=vacation_pack&foOw=&outbound=&packageIds=&odyAgentCode=#hidden=false"
  },
  {
    "stateHome": "success",
    "searchUrl": "/search-result/?originCodes=&destinationCodes=AYA,BOJ,HER,MIL,ROM&hotelIds=&subCategories=&calendarType=exactDate&dates=2025-12-14,2025-12-18&fullMonths=&paxByRoom=2,0,0&durations=&flightDirection=&category=vacation_pack&weekend=false&midweek=false#hidden=false",
    "time": "2025-06-04T00:39:38.077Z",
    "stateSearch": "succes",
    "productUrl": "/product-page?packageDates=2025-12-14,2025-12-18&hotelSupplier=FlyingCarpet&flightDestCode=ROM&hotelCode=44212&paxByRoom=2,0,0&packCateg=vacation_pack&foOw=&outbound=&packageIds=221172&odyAgentCode=#hidden=false",
    "statePassenger": "success",
    "passengerUrl": "https://new.flying.co.il/booking/passenger-detail?category=vacation_pack&packageSelectionId=522862ed-66bd-4c39-ad48-ef10bbe32247&flightId=1-221172-1&storeId=19876bc2-f6f6-4c86-a157-0c2b41190324"
  },
  {
    "stateHome": "success",
    "searchUrl": "/search-result/?originCodes=&destinationCodes=COS,KYR,LCA,PFO,PRT&hotelIds=&subCategories=&calendarType=exactDate&dates=2025-10-20,2025-10-24&fullMonths=&paxByRoom=2,0,0&durations=&flightDirection=&category=vacation_pack&weekend=false&midweek=false#hidden=false",
    "time": "2025-06-04T00:40:18.257Z"
  },
  {
    "stateHome": "success",
    "searchUrl": "/search-result/?originCodes=&destinationCodes=HDB,LCA,ROM,TBS,TIVBDV&hotelIds=&subCategories=&calendarType=exactDate&dates=2025-12-14,2025-12-18&fullMonths=&paxByRoom=2,0,0&durations=&flightDirection=&category=vacation_pack&weekend=false&midweek=false#hidden=false",
    "time": "2025-06-04T00:41:57.051Z",
    "stateSearch": "succes",
    "productUrl": "/product-page?packageDates=2025-12-14,2025-12-18&hotelSupplier=FlyingCarpet&flightDestCode=ROM&hotelCode=53207&paxByRoom=2,0,0&packCateg=vacation_pack&foOw=&outbound=&packageIds=221172&odyAgentCode=#hidden=false",
    "statePassenger": "success",
    "passengerUrl": "https://new.flying.co.il/booking/passenger-detail?category=vacation_pack&packageSelectionId=3479bc65-9358-40a5-9578-778dc2e969ea&flightId=1-221172-1&storeId=076376c0-7af8-4da3-98ea-f50680e0b5c0"
  },
  {
    "stateHome": "success",
    "searchUrl": "/search-result/?originCodes=&destinationCodes=AMS,COS,FMG,PRT,TIA&hotelIds=&subCategories=&calendarType=exactDate&dates=2025-10-20,2025-10-24&fullMonths=&paxByRoom=2,0,0&durations=&flightDirection=&category=vacation_pack&weekend=false&midweek=false#hidden=false",
    "time": "2025-06-04T00:43:15.109Z",
    "stateSearch": "succes",
    "productUrl": "/product-page?packageDates=2025-10-20,2025-10-24&hotelSupplier=FlyingCarpet&flightDestCode=LCA&hotelCode=59004&paxByRoom=2,0,0&packCateg=vacation_pack&foOw=&outbound=&packageIds=218943&odyAgentCode=#hidden=false"
  },
  {
    "stateHome": "success",
    "searchUrl": "/search-result/?originCodes=&destinationCodes=COS,GRR,RHO,ZAG,ZELKAP&hotelIds=&subCategories=&calendarType=exactDate&dates=2025-10-23,2025-10-28&fullMonths=&paxByRoom=2,0,0&durations=&flightDirection=&category=vacation_pack&weekend=false&midweek=false#hidden=false",
    "time": "2025-06-04T00:46:06.397Z",
    "stateSearch": "succes",
    "productUrl": "/product-page?packageDates=2025-10-23,2025-10-28&hotelSupplier=FlyingCarpet&flightDestCode=RHO&hotelCode=61633&paxByRoom=2,0,0&packCateg=vacation_pack&foOw=&outbound=&packageIds=220743&odyAgentCode=#hidden=false",
    "statePassenger": "success",
    "passengerUrl": "https://new.flying.co.il/booking/passenger-detail?category=vacation_pack&packageSelectionId=ba1245df-c676-42c7-b2f2-85582be44e36&flightId=1-220743-1&storeId=6f9aaeb3-2f81-4348-b54f-908358c1a931"
  },
  {
    "stateHome": "success",
    "searchUrl": "/search-result/?originCodes=&destinationCodes=FMG,GRR,RHO,TBS,ZAG&hotelIds=&subCategories=&calendarType=exactDate&dates=2025-10-23,2025-10-28&fullMonths=&paxByRoom=2,0,0&durations=&flightDirection=&category=vacation_pack&weekend=false&midweek=false#hidden=false",
    "time": "2025-06-04T00:48:50.289Z",
    "stateSearch": "succes",
    "productUrl": "/product-page?packageDates=2025-10-23,2025-10-28&hotelSupplier=FlyingCarpet&flightDestCode=RHO&hotelCode=61633&paxByRoom=2,0,0&packCateg=vacation_pack&foOw=&outbound=&packageIds=220743&odyAgentCode=#hidden=false",
    "statePassenger": "success",
    "passengerUrl": "https://new.flying.co.il/booking/passenger-detail?category=vacation_pack&packageSelectionId=63aef4c8-91af-454f-a9c6-0a6b8f8101e6&flightId=1-220743-1&storeId=e98403b2-8a0c-4777-9ace-bcbe9a0b2440"
  },
  {
    "stateHome": "success",
    "searchUrl": "/search-result/?originCodes=&destinationCodes=ATH,BUS,GRR,LCA,TVB&hotelIds=&subCategories=&calendarType=exactDate&dates=2025-10-25,2025-10-29&fullMonths=&paxByRoom=2,0,0&durations=&flightDirection=&category=vacation_pack&weekend=false&midweek=false#hidden=false",
    "time": "2025-06-04T00:50:40.660Z",
    "stateSearch": "succes",
    "productUrl": "/product-page?packageDates=2025-10-25,2025-10-29&hotelSupplier=Hotelbeds&flightDestCode=ATH&hotelCode=5301&paxByRoom=2,0,0&packCateg=vacation_pack&foOw=&outbound=&packageIds=&odyAgentCode=#hidden=false",
    "statePassenger": "success",
    "passengerUrl": "https://new.flying.co.il/booking/passenger-detail?category=vacation_pack&packageSelectionId=bd927c2d-3edc-4117-a7f0-6983c5dfeb02&flightId=1-218528-1&storeId=351a3506-3139-4a01-9b3a-73b2a128b3f9"
  },
  {
    "stateHome": "success",
    "searchUrl": "/search-result/?originCodes=&destinationCodes=AUH,HDB,KYR,PFO,TIA&hotelIds=&subCategories=&calendarType=exactDate&dates=2025-10-27,2025-10-30&fullMonths=&paxByRoom=2,0,0&durations=&flightDirection=&category=vacation_pack&weekend=false&midweek=false#hidden=false",
    "time": "2025-06-04T00:53:10.266Z",
    "stateSearch": "succes",
    "productUrl": "/product-page?packageDates=2025-10-27,2025-10-30&hotelSupplier=FlyingCarpet&flightDestCode=DXB&hotelCode=60895&paxByRoom=2,0,0&packCateg=vacation_pack&foOw=&outbound=&packageIds=219041&odyAgentCode=#hidden=false",
    "statePassenger": "success",
    "passengerUrl": "https://new.flying.co.il/booking/passenger-detail?category=vacation_pack&packageSelectionId=b9a7de6f-098d-4df2-8984-49c3766c99be&flightId=1-219041-1&storeId=f6f6c92b-ad4c-4b3b-9621-f7247e6a0a9c"
  },
  {
    "stateHome": "success",
    "searchUrl": "/search-result/?originCodes=&destinationCodes=BAK,GRR,HER,JMK,QLI&hotelIds=&subCategories=&calendarType=exactDate&dates=2025-12-28,2026-01-01&fullMonths=&paxByRoom=2,0,0&durations=&flightDirection=&category=vacation_pack&weekend=false&midweek=false#hidden=false",
    "time": "2025-06-04T00:55:23.828Z",
    "stateSearch": "succes",
    "productUrl": "/product-page?packageDates=2025-12-28,2026-01-01&hotelSupplier=FlyingCarpet&flightDestCode=BAK&hotelCode=58681&paxByRoom=2,0,0&packCateg=vacation_pack&foOw=&outbound=&packageIds=218851&odyAgentCode=#hidden=false",
    "statePassenger": "success",
    "passengerUrl": "https://new.flying.co.il/booking/passenger-detail?category=vacation_pack&packageSelectionId=2b14d55e-36bd-4fa0-9dab-750c993dae6c&flightId=1-218851-1&storeId=3b77b7d3-cbd2-415d-8de7-cfe6d171db5c"
  },
  {
    "stateHome": "success",
    "searchUrl": "/search-result/?originCodes=&destinationCodes=BOJ,DXB,KYR,TIA,ZELKAP&hotelIds=&subCategories=&calendarType=exactDate&dates=2025-12-31,2026-01-07&fullMonths=&paxByRoom=2,0,0&durations=&flightDirection=&category=vacation_pack&weekend=false&midweek=false#hidden=false",
    "time": "2025-06-04T00:57:26.854Z",
    "stateSearch": "succes",
    "productUrl": "/product-page?packageDates=2025-12-31,2026-01-07&hotelSupplier=FlyingCarpet&flightDestCode=DXB&hotelCode=60676&paxByRoom=2,0,0&packCateg=vacation_pack&foOw=&outbound=&packageIds=221129&odyAgentCode=#hidden=false"
  },
  {
    "stateHome": "success",
    "searchUrl": "/search-result/?originCodes=&destinationCodes=AMS,BAK,FMG,PFO,TIA&hotelIds=&subCategories=&calendarType=exactDate&dates=2025-12-28,2026-01-01&fullMonths=&paxByRoom=2,0,0&durations=&flightDirection=&category=vacation_pack&weekend=false&midweek=false#hidden=false",
    "time": "2025-06-04T00:59:59.044Z",
    "stateSearch": "succes",
    "productUrl": "/product-page?packageDates=2025-12-28,2026-01-01&hotelSupplier=FlyingCarpet&flightDestCode=BAK&hotelCode=61689&paxByRoom=2,0,0&packCateg=vacation_pack&foOw=&outbound=&packageIds=218851&odyAgentCode=#hidden=false",
    "statePassenger": "success",
    "passengerUrl": "https://new.flying.co.il/booking/passenger-detail?category=vacation_pack&packageSelectionId=dc1663dd-e70a-4a5b-98d2-c901e57e8f44&flightId=1-218851-1&storeId=6e76f242-9670-491e-b922-92aebfc67009"
  },
  {
    "stateHome": "success",
    "searchUrl": "/search-result/?originCodes=&destinationCodes=BCN,HDB,LCA,MIL,TIVBDV&hotelIds=&subCategories=&calendarType=exactDate&dates=2025-10-20,2025-10-24&fullMonths=&paxByRoom=2,0,0&durations=&flightDirection=&category=vacation_pack&weekend=false&midweek=false#hidden=false",
    "time": "2025-06-04T01:01:27.783Z",
    "stateSearch": "succes",
    "productUrl": "/product-page?packageDates=2025-10-20,2025-10-24&hotelSupplier=FlyingCarpet&flightDestCode=LCA&hotelCode=47164&paxByRoom=2,0,0&packCateg=vacation_pack&foOw=&outbound=&packageIds=218943&odyAgentCode=#hidden=false"
  },
  {
    "stateHome": "success",
    "searchUrl": "/search-result/?originCodes=&destinationCodes=ATH,AYA,BAK,PMI,TIA&hotelIds=&subCategories=&calendarType=exactDate&dates=2025-12-28,2026-01-01&fullMonths=&paxByRoom=2,0,0&durations=&flightDirection=&category=vacation_pack&weekend=false&midweek=false#hidden=false",
    "time": "2025-06-04T01:07:35.651Z",
    "stateSearch": "succes",
    "productUrl": "/product-page?packageDates=2025-12-28,2026-01-01&hotelSupplier=FlyingCarpet&flightDestCode=BAK&hotelCode=61690&paxByRoom=2,0,0&packCateg=vacation_pack&foOw=&outbound=&packageIds=218851&odyAgentCode=#hidden=false",
    "statePassenger": "success",
    "passengerUrl": "https://new.flying.co.il/booking/passenger-detail?category=vacation_pack&packageSelectionId=a2bf1dd2-d140-4a71-ae72-28e36d0070a2&flightId=1-218851-1&storeId=8e5231aa-24ab-47ea-aa21-78073487c4f7"
  },
  {
    "stateHome": "success",
    "searchUrl": "/search-result/?originCodes=&destinationCodes=BCN,BUS,DXB,QLI,ROM&hotelIds=&subCategories=&calendarType=exactDate&dates=2025-12-31,2026-01-07&fullMonths=&paxByRoom=2,0,0&durations=&flightDirection=&category=vacation_pack&weekend=false&midweek=false#hidden=false",
    "time": "2025-06-04T01:10:13.043Z",
    "stateSearch": "succes",
    "productUrl": "/product-page?packageDates=2025-12-31,2026-01-07&hotelSupplier=FlyingCarpet&flightDestCode=DXB&hotelCode=61137&paxByRoom=2,0,0&packCateg=vacation_pack&foOw=&outbound=&packageIds=221129&odyAgentCode=#hidden=false"
  },
  {
    "stateHome": "success",
    "searchUrl": "/search-result/?originCodes=&destinationCodes=BOJ,BSL,KYR,TVB,ZELKAP&hotelIds=&subCategories=&calendarType=exactDate&dates=2025-10-20,2025-10-24&fullMonths=&paxByRoom=2,0,0&durations=&flightDirection=&category=vacation_pack&weekend=false&midweek=false#hidden=false",
    "time": "2025-06-04T01:10:38.313Z",
    "stateSearch": "succes",
    "productUrl": "/product-page?packageDates=2025-10-20,2025-10-24&hotelSupplier=FlyingCarpet&flightDestCode=LCA&hotelCode=58356&paxByRoom=2,0,0&packCateg=vacation_pack&foOw=&outbound=&packageIds=218961&odyAgentCode=#hidden=false"
  },
  {
    "stateHome": "success",
    "searchUrl": "/search-result/?originCodes=&destinationCodes=BOJ,HDB,KYR,MIL,VRN&hotelIds=&subCategories=&calendarType=exactDate&dates=2025-10-20,2025-10-24&fullMonths=&paxByRoom=2,0,0&durations=&flightDirection=&category=vacation_pack&weekend=false&midweek=false#hidden=false",
    "time": "2025-06-04T01:11:24.417Z"
  },
  {
    "stateHome": "success",
    "searchUrl": "/search-result/?originCodes=&destinationCodes=GRR,HDB,QLI,ROM,TIVBDV&hotelIds=&subCategories=&calendarType=exactDate&dates=2025-12-14,2025-12-18&fullMonths=&paxByRoom=2,0,0&durations=&flightDirection=&category=vacation_pack&weekend=false&midweek=false#hidden=false",
    "time": "2025-06-04T01:16:03.336Z",
    "stateSearch": "succes",
    "productUrl": "/product-page?packageDates=2025-12-14,2025-12-18&hotelSupplier=FlyingCarpet&flightDestCode=ROM&hotelCode=53207&paxByRoom=2,0,0&packCateg=vacation_pack&foOw=&outbound=&packageIds=221172&odyAgentCode=#hidden=false",
    "statePassenger": "success",
    "passengerUrl": "https://new.flying.co.il/booking/passenger-detail?category=vacation_pack&packageSelectionId=4cadd417-66bb-4173-a14c-24228433d626&flightId=1-221172-1&storeId=41bf43fb-8413-4eaa-bc2e-3f0eae09eb22"
  },
  {
    "stateHome": "success",
    "searchUrl": "/search-result/?originCodes=&destinationCodes=BSL,BUS,HER,PFO,ROM&hotelIds=&subCategories=&calendarType=exactDate&dates=2025-10-26,2025-10-30&fullMonths=&paxByRoom=2,0,0&durations=&flightDirection=&category=vacation_pack&weekend=false&midweek=false#hidden=false",
    "time": "2025-06-04T01:17:26.537Z",
    "stateSearch": "succes",
    "productUrl": "/product-page?packageDates=2025-10-26,2025-10-30&hotelSupplier=FlyingCarpet&flightDestCode=HER&hotelCode=53807&paxByRoom=2,0,0&packCateg=vacation_pack&foOw=&outbound=&packageIds=218877&odyAgentCode=#hidden=false"
  },
  {
    "stateHome": "success",
    "searchUrl": "/search-result/?originCodes=&destinationCodes=BAK,BOJ,PMI,ROM,VRN&hotelIds=&subCategories=&calendarType=exactDate&dates=2025-12-28,2026-01-01&fullMonths=&paxByRoom=2,0,0&durations=&flightDirection=&category=vacation_pack&weekend=false&midweek=false#hidden=false",
    "time": "2025-06-04T01:19:00.533Z",
    "stateSearch": "succes",
    "productUrl": "/product-page?packageDates=2025-12-28,2026-01-01&hotelSupplier=FlyingCarpet&flightDestCode=BAK&hotelCode=61730&paxByRoom=2,0,0&packCateg=vacation_pack&foOw=&outbound=&packageIds=218851&odyAgentCode=#hidden=false",
    "statePassenger": "success",
    "passengerUrl": "https://new.flying.co.il/booking/passenger-detail?category=vacation_pack&packageSelectionId=23c36c0c-72ce-4f6b-b8aa-f72e195380e0&flightId=1-218851-1&storeId=43930d9f-ac6e-4c64-9a40-4e47b6b4c45d"
  },
  {
    "stateHome": "success",
    "searchUrl": "/search-result/?originCodes=&destinationCodes=LJU,MIL,PFO,RHO,TIVBDV&hotelIds=&subCategories=&calendarType=exactDate&dates=2025-10-23,2025-10-28&fullMonths=&paxByRoom=2,0,0&durations=&flightDirection=&category=vacation_pack&weekend=false&midweek=false#hidden=false",
    "time": "2025-06-04T01:19:29.057Z"
  },
  {
    "stateHome": "success",
    "searchUrl": "/search-result/?originCodes=&destinationCodes=BCN,BOJ,GRR,PFO,TBS&hotelIds=&subCategories=&calendarType=exactDate&dates=2025-10-20,2025-10-24&fullMonths=&paxByRoom=2,0,0&durations=&flightDirection=&category=vacation_pack&weekend=false&midweek=false#hidden=false",
    "time": "2025-06-04T01:25:53.558Z",
    "stateSearch": "succes",
    "productUrl": "/product-page?packageDates=2025-10-20,2025-10-24&hotelSupplier=FlyingCarpet&flightDestCode=LCA&hotelCode=59267&paxByRoom=2,0,0&packCateg=vacation_pack&foOw=&outbound=&packageIds=218943&odyAgentCode=#hidden=false"
  },
  {
    "stateHome": "success",
    "searchUrl": "/search-result/?originCodes=&destinationCodes=BAK,KYR,PMI,RHO,ZELKAP&hotelIds=&subCategories=&calendarType=exactDate&dates=2025-12-28,2026-01-01&fullMonths=&paxByRoom=2,0,0&durations=&flightDirection=&category=vacation_pack&weekend=false&midweek=false#hidden=false",
    "time": "2025-06-04T02:27:11.320Z",
    "stateSearch": "succes",
    "productUrl": "/product-page?packageDates=2025-12-28,2026-01-01&hotelSupplier=FlyingCarpet&flightDestCode=BAK&hotelCode=61689&paxByRoom=2,0,0&packCateg=vacation_pack&foOw=&outbound=&packageIds=218851&odyAgentCode=#hidden=false",
    "statePassenger": "success",
    "passengerUrl": "https://new.flying.co.il/booking/passenger-detail?category=vacation_pack&packageSelectionId=3f260773-3200-4e23-bef6-d8c2040b7e56&flightId=1-218851-1&storeId=8b6d7ca5-9434-428e-acab-4f7a9c5588d4"
  },
  {
    "stateHome": "success",
    "searchUrl": "/search-result/?originCodes=&destinationCodes=AUH,LJU,PMI,TIVBDV,ZAG&hotelIds=&subCategories=&calendarType=exactDate&dates=2025-10-27,2025-10-30&fullMonths=&paxByRoom=2,0,0&durations=&flightDirection=&category=vacation_pack&weekend=false&midweek=false#hidden=false",
    "time": "2025-06-04T02:28:14.707Z",
    "stateSearch": "succes",
    "productUrl": "/product-page?packageDates=2025-10-27,2025-10-30&hotelSupplier=FlyingCarpet&flightDestCode=DXB&hotelCode=60895&paxByRoom=2,0,0&packCateg=vacation_pack&foOw=&outbound=&packageIds=219041&odyAgentCode=#hidden=false",
    "statePassenger": "success",
    "passengerUrl": "https://new.flying.co.il/booking/passenger-detail?category=vacation_pack&packageSelectionId=f0904f56-7edc-4ccf-9c42-a606adcd61fd&flightId=1-219041-1&storeId=16a6e75c-d3a3-4219-bfca-0e37d141febf"
  },
  {
    "stateHome": "success",
    "searchUrl": "/search-result/?originCodes=&destinationCodes=BAK,BOJ,BUS,PMI,ROM&hotelIds=&subCategories=&calendarType=exactDate&dates=2025-12-28,2026-01-01&fullMonths=&paxByRoom=2,0,0&durations=&flightDirection=&category=vacation_pack&weekend=false&midweek=false#hidden=false",
    "time": "2025-06-04T02:29:18.437Z",
    "stateSearch": "succes",
    "productUrl": "/product-page?packageDates=2025-12-28,2026-01-01&hotelSupplier=FlyingCarpet&flightDestCode=BAK&hotelCode=61689&paxByRoom=2,0,0&packCateg=vacation_pack&foOw=&outbound=&packageIds=218851&odyAgentCode=#hidden=false",
    "statePassenger": "success",
    "passengerUrl": "https://new.flying.co.il/booking/passenger-detail?category=vacation_pack&packageSelectionId=4295c0d7-bdcf-494f-ad2d-5bf7b2ab3cad&flightId=1-218851-1&storeId=7631e47e-641a-4576-bce5-76989e00e5b4"
  },
  {
    "stateHome": "success",
    "searchUrl": "/search-result/?originCodes=&destinationCodes=ATH,DXB,HDB,MIL,PMI&hotelIds=&subCategories=&calendarType=exactDate&dates=2025-12-31,2026-01-07&fullMonths=&paxByRoom=2,0,0&durations=&flightDirection=&category=vacation_pack&weekend=false&midweek=false#hidden=false",
    "time": "2025-06-04T02:30:36.873Z",
    "stateSearch": "succes",
    "productUrl": "/product-page?packageDates=2025-12-31,2026-01-07&hotelSupplier=FlyingCarpet&flightDestCode=DXB&hotelCode=60841&paxByRoom=2,0,0&packCateg=vacation_pack&foOw=&outbound=&packageIds=221129&odyAgentCode=#hidden=false",
    "statePassenger": "success",
    "passengerUrl": "https://new.flying.co.il/booking/passenger-detail?category=vacation_pack&packageSelectionId=94f05aa1-9b0f-4293-96e3-2e63a268140c&flightId=1-221129-1&storeId=7c9d4ab3-5b12-4072-a44a-4683c4801811"
  },
  {
    "stateHome": "success",
    "searchUrl": "/search-result/?originCodes=&destinationCodes=BCN,COS,FMG,LCA,QLI&hotelIds=&subCategories=&calendarType=exactDate&dates=2025-10-20,2025-10-24&fullMonths=&paxByRoom=2,0,0&durations=&flightDirection=&category=vacation_pack&weekend=false&midweek=false#hidden=false",
    "time": "2025-06-04T07:21:10.141Z",
    "stateSearch": "succes",
    "productUrl": "/product-page?packageDates=2025-10-20,2025-10-24&hotelSupplier=FlyingCarpet&flightDestCode=LCA&hotelCode=59297&paxByRoom=2,0,0&packCateg=vacation_pack&foOw=&outbound=&packageIds=218943&odyAgentCode=#hidden=false",
    "statePassenger": "success",
    "passengerUrl": "https://new.flying.co.il/booking/passenger-detail?category=vacation_pack&packageSelectionId=06e9b99d-f545-4771-a35b-68936889a855&flightId=1-218943-1&storeId=435d981f-4664-4703-8f0c-1eed144dbf03"
  },
  {
    "stateHome": "success",
    "searchUrl": "/search-result/?originCodes=&destinationCodes=BAK,BSL,LCA,RHO,TVB&hotelIds=&subCategories=&calendarType=exactDate&dates=2025-12-28,2026-01-01&fullMonths=&paxByRoom=2,0,0&durations=&flightDirection=&category=vacation_pack&weekend=false&midweek=false#hidden=false",
    "time": "2025-06-04T07:25:19.818Z",
    "stateSearch": "succes",
    "productUrl": "/product-page?packageDates=2025-12-28,2026-01-01&hotelSupplier=FlyingCarpet&flightDestCode=BAK&hotelCode=61730&paxByRoom=2,0,0&packCateg=vacation_pack&foOw=&outbound=&packageIds=218851&odyAgentCode=#hidden=false",
    "statePassenger": "success",
    "passengerUrl": "https://new.flying.co.il/booking/passenger-detail?category=vacation_pack&packageSelectionId=3c6adb67-c829-4217-b1c4-32ea99f9e487&flightId=1-218851-1&storeId=a6a0647c-b2b4-4fea-bed6-e350eb75752d"
  },
  {
    "stateHome": "success",
    "searchUrl": "/search-result/?originCodes=&destinationCodes=AGP,BOJ,DXB,GRR,HDB&hotelIds=&subCategories=&calendarType=exactDate&dates=2025-12-31,2026-01-07&fullMonths=&paxByRoom=2,0,0&durations=&flightDirection=&category=vacation_pack&weekend=false&midweek=false#hidden=false",
    "time": "2025-06-04T07:30:26.026Z",
    "stateSearch": "succes",
    "productUrl": "/product-page?packageDates=2025-12-31,2026-01-07&hotelSupplier=Hotelbeds&flightDestCode=DXB&hotelCode=625437&paxByRoom=2,0,0&packCateg=vacation_pack&foOw=&outbound=&packageIds=&odyAgentCode=#hidden=false"
  },
  {
    "stateHome": "success",
    "searchUrl": "/search-result/?originCodes=&destinationCodes=FMG,KYR,LCA,PFO,TBS&hotelIds=&subCategories=&calendarType=exactDate&dates=2025-10-20,2025-10-24&fullMonths=&paxByRoom=2,0,0&durations=&flightDirection=&category=vacation_pack&weekend=false&midweek=false#hidden=false",
    "time": "2025-06-04T07:34:08.642Z"
  },
  {
    "stateHome": "success",
    "searchUrl": "/search-result/?originCodes=&destinationCodes=BUS,COS,FMG,MIL,RHO&hotelIds=&subCategories=&calendarType=exactDate&dates=2025-10-23,2025-10-26&fullMonths=&paxByRoom=2,0,0&durations=&flightDirection=&category=vacation_pack&weekend=false&midweek=false#hidden=false",
    "time": "2025-06-04T07:34:43.421Z"
  },
  {
    "stateHome": "success",
    "searchUrl": "/search-result/?originCodes=&destinationCodes=AUH,AYA,BSL,HDB,TIVBDV&hotelIds=&subCategories=&calendarType=exactDate&dates=2025-10-27,2025-10-30&fullMonths=&paxByRoom=2,0,0&durations=&flightDirection=&category=vacation_pack&weekend=false&midweek=false#hidden=false",
    "time": "2025-06-04T07:36:23.627Z",
    "stateSearch": "succes",
    "productUrl": "/product-page?packageDates=2025-10-27,2025-10-30&hotelSupplier=FlyingCarpet&flightDestCode=DXB&hotelCode=60895&paxByRoom=2,0,0&packCateg=vacation_pack&foOw=&outbound=&packageIds=219041&odyAgentCode=#hidden=false",
    "statePassenger": "success",
    "passengerUrl": "https://new.flying.co.il/booking/passenger-detail?category=vacation_pack&packageSelectionId=73a70cd8-b123-4fa0-938d-de26bf31f4ab&flightId=1-219041-1&storeId=5ab9f2d1-7328-443f-9c3a-fa06d08377b0"
  },
  {
    "stateHome": "success",
    "searchUrl": "/search-result/?originCodes=&destinationCodes=JMK,PMI,ROM,TIA,TVB&hotelIds=&subCategories=&calendarType=exactDate&dates=2025-12-14,2025-12-18&fullMonths=&paxByRoom=2,0,0&durations=&flightDirection=&category=vacation_pack&weekend=false&midweek=false#hidden=false",
    "time": "2025-06-04T07:37:40.036Z",
    "stateSearch": "succes",
    "productUrl": "/product-page?packageDates=2025-12-14,2025-12-18&hotelSupplier=FlyingCarpet&flightDestCode=ROM&hotelCode=44197&paxByRoom=2,0,0&packCateg=vacation_pack&foOw=&outbound=&packageIds=221172&odyAgentCode=#hidden=false",
    "statePassenger": "success",
    "passengerUrl": "https://new.flying.co.il/booking/passenger-detail?category=vacation_pack&packageSelectionId=298a4a13-8862-4756-a528-2ab62efcd108&flightId=1-221172-1&storeId=6b1fe958-4c70-4d41-a7c6-3489de6550eb"
  },
  {
    "stateHome": "success",
    "searchUrl": "/search-result/?originCodes=&destinationCodes=KYR,PMI,PRT,TIVBDV,ZAG&hotelIds=&subCategories=&calendarType=exactDate&dates=2025-10-20,2025-10-24&fullMonths=&paxByRoom=2,0,0&durations=&flightDirection=&category=vacation_pack&weekend=false&midweek=false#hidden=false",
    "time": "2025-06-04T07:39:54.077Z",
    "stateSearch": "succes",
    "productUrl": "/product-page?packageDates=2025-10-20,2025-10-24&hotelSupplier=FlyingCarpet&flightDestCode=LCA&hotelCode=59561&paxByRoom=2,0,0&packCateg=vacation_pack&foOw=&outbound=&packageIds=218961&odyAgentCode=#hidden=false",
    "statePassenger": "success",
    "passengerUrl": "https://new.flying.co.il/booking/passenger-detail?category=vacation_pack&packageSelectionId=7af364e7-8462-4b60-b127-b4d34eab4048&flightId=1-218961-1&storeId=79d6fc9a-65c8-43a8-a964-21de23a24bc1"
  },
  {
    "stateHome": "success",
    "searchUrl": "/search-result/?originCodes=&destinationCodes=AUH,DXB,HER,LCA,MIL&hotelIds=&subCategories=&calendarType=exactDate&dates=2025-12-31,2026-01-07&fullMonths=&paxByRoom=2,0,0&durations=&flightDirection=&category=vacation_pack&weekend=false&midweek=false#hidden=false",
    "time": "2025-06-04T07:41:30.156Z",
    "stateSearch": "succes",
    "productUrl": "/product-page?packageDates=2025-12-31,2026-01-07&hotelSupplier=Hotelbeds&flightDestCode=DXB&hotelCode=625437&paxByRoom=2,0,0&packCateg=vacation_pack&foOw=&outbound=&packageIds=&odyAgentCode=#hidden=false",
    "statePassenger": "success",
    "passengerUrl": "https://new.flying.co.il/booking/passenger-detail?category=vacation_pack&packageSelectionId=174a2325-2df9-42b7-aad6-bf091dbf4883&flightId=1-221101-1&storeId=1d4a7599-9b0f-4c5e-9f92-6a7f49eb246c"
  },
  {
    "stateHome": "success",
    "searchUrl": "/search-result/?originCodes=&destinationCodes=BAK,FMG,LJU,ROM,TIVBDV&hotelIds=&subCategories=&calendarType=exactDate&dates=2025-12-28,2026-01-01&fullMonths=&paxByRoom=2,0,0&durations=&flightDirection=&category=vacation_pack&weekend=false&midweek=false#hidden=false",
    "time": "2025-06-04T07:45:03.872Z",
    "stateSearch": "succes",
    "productUrl": "/product-page?packageDates=2025-12-28,2026-01-01&hotelSupplier=FlyingCarpet&flightDestCode=BAK&hotelCode=61691&paxByRoom=2,0,0&packCateg=vacation_pack&foOw=&outbound=&packageIds=218851&odyAgentCode=#hidden=false",
    "statePassenger": "success",
    "passengerUrl": "https://new.flying.co.il/booking/passenger-detail?category=vacation_pack&packageSelectionId=f712e9d9-490f-41d1-9df7-84a290121e10&flightId=1-218851-1&storeId=23c6e65a-d4f3-4383-b825-5723ecba6356"
  },
  {
    "stateHome": "success",
    "searchUrl": "/search-result/?originCodes=&destinationCodes=AGP,COS,GRR,LJU,TVB&hotelIds=&subCategories=&calendarType=exactDate&dates=2025-10-14,2025-10-21&fullMonths=&paxByRoom=2,0,0&durations=&flightDirection=&category=vacation_pack&weekend=false&midweek=false#hidden=false",
    "time": "2025-06-04T07:46:11.254Z"
  },
  {
    "stateHome": "success",
    "searchUrl": "/search-result/?originCodes=&destinationCodes=BSL,JMK,LJU,TVB,ZELKAP&hotelIds=&subCategories=&calendarType=exactDate&dates=2025-10-15,2025-10-18&fullMonths=&paxByRoom=2,0,0&durations=&flightDirection=&category=vacation_pack&weekend=false&midweek=false#hidden=false",
    "time": "2025-06-04T07:46:47.119Z",
    "stateSearch": "succes",
    "productUrl": "/product-page?packageDates=2025-10-15,2025-10-18&hotelSupplier=FlyingCarpet&flightDestCode=JMK&hotelCode=56770&paxByRoom=2,0,0&packCateg=vacation_pack&foOw=&outbound=&packageIds=218581&odyAgentCode=#hidden=false"
  },
  {
    "stateHome": "success",
    "searchUrl": "/search-result/?originCodes=&destinationCodes=BCN,BOJ,JMK,PMI,ZELKAP&hotelIds=&subCategories=&calendarType=exactDate&dates=2025-10-19,2025-10-23&fullMonths=&paxByRoom=2,0,0&durations=&flightDirection=&category=vacation_pack&weekend=false&midweek=false#hidden=false",
    "time": "2025-06-04T07:49:16.870Z",
    "stateSearch": "succes",
    "productUrl": "/product-page?packageDates=2025-10-19,2025-10-23&hotelSupplier=FlyingCarpet&flightDestCode=BCN&hotelCode=52918&paxByRoom=2,0,0&packCateg=vacation_pack&foOw=&outbound=&packageIds=218068&odyAgentCode=#hidden=false"
  },
  {
    "stateHome": "success",
    "searchUrl": "/search-result/?originCodes=&destinationCodes=BOJ,DXB,FMG,TVB,ZELKAP&hotelIds=&subCategories=&calendarType=exactDate&dates=2025-12-31,2026-01-07&fullMonths=&paxByRoom=2,0,0&durations=&flightDirection=&category=vacation_pack&weekend=false&midweek=false#hidden=false",
    "time": "2025-06-04T07:54:44.281Z",
    "stateSearch": "succes",
    "productUrl": "/product-page?packageDates=2025-12-31,2026-01-07&hotelSupplier=Hotelbeds&flightDestCode=DXB&hotelCode=625437&paxByRoom=2,0,0&packCateg=vacation_pack&foOw=&outbound=&packageIds=&odyAgentCode=#hidden=false"
  },
  {
    "stateHome": "success",
    "searchUrl": "/search-result/?originCodes=&destinationCodes=ATH,FMG,HDB,RHO,ZELKAP&hotelIds=&subCategories=&calendarType=exactDate&dates=2025-10-25,2025-10-29&fullMonths=&paxByRoom=2,0,0&durations=&flightDirection=&category=vacation_pack&weekend=false&midweek=false#hidden=false",
    "time": "2025-06-04T07:57:47.991Z",
    "stateSearch": "succes",
    "productUrl": "/product-page?packageDates=2025-10-25,2025-10-29&hotelSupplier=Hotelbeds&flightDestCode=ATH&hotelCode=7051&paxByRoom=2,0,0&packCateg=vacation_pack&foOw=&outbound=&packageIds=&odyAgentCode=#hidden=false"
  },
  {
    "stateHome": "success",
    "searchUrl": "/search-result/?originCodes=&destinationCodes=ATH,AYA,HER,TBS,ZAG&hotelIds=&subCategories=&calendarType=exactDate&dates=2025-10-26,2025-10-30&fullMonths=&paxByRoom=2,0,0&durations=&flightDirection=&category=vacation_pack&weekend=false&midweek=false#hidden=false",
    "time": "2025-06-04T08:00:23.464Z",
    "stateSearch": "succes",
    "productUrl": "/product-page?packageDates=2025-10-26,2025-10-30&hotelSupplier=FlyingCarpet&flightDestCode=HER&hotelCode=61625&paxByRoom=2,0,0&packCateg=vacation_pack&foOw=&outbound=&packageIds=218877&odyAgentCode=#hidden=false"
  },
  {
    "stateHome": "success",
    "searchUrl": "/search-result/?originCodes=&destinationCodes=ATH,BCN,BSL,MIL,PFO&hotelIds=&subCategories=&calendarType=exactDate&dates=2025-10-25,2025-10-29&fullMonths=&paxByRoom=2,0,0&durations=&flightDirection=&category=vacation_pack&weekend=false&midweek=false#hidden=false",
    "time": "2025-06-04T08:01:54.327Z",
    "stateSearch": "succes",
    "productUrl": "/product-page?packageDates=2025-10-25,2025-10-29&hotelSupplier=Hotelbeds&flightDestCode=ATH&hotelCode=7051&paxByRoom=2,0,0&packCateg=vacation_pack&foOw=&outbound=&packageIds=&odyAgentCode=#hidden=false"
  },
  {
    "stateHome": "success",
    "searchUrl": "/search-result/?originCodes=&destinationCodes=ATH,AUH,HDB,PFO,ZAG&hotelIds=&subCategories=&calendarType=exactDate&dates=2025-10-27,2025-10-30&fullMonths=&paxByRoom=2,0,0&durations=&flightDirection=&category=vacation_pack&weekend=false&midweek=false#hidden=false",
    "time": "2025-06-04T08:03:06.313Z",
    "stateSearch": "succes",
    "productUrl": "/product-page?packageDates=2025-10-27,2025-10-30&hotelSupplier=FlyingCarpet&flightDestCode=DXB&hotelCode=61399&paxByRoom=2,0,0&packCateg=vacation_pack&foOw=&outbound=&packageIds=219041&odyAgentCode=#hidden=false"
  },
  {
    "stateHome": "success",
    "searchUrl": "/search-result/?originCodes=&destinationCodes=AMS,ATH,FMG,GRR,MIL&hotelIds=&subCategories=&calendarType=exactDate&dates=2025-10-25,2025-10-29&fullMonths=&paxByRoom=2,0,0&durations=&flightDirection=&category=vacation_pack&weekend=false&midweek=false#hidden=false",
    "time": "2025-06-04T08:04:48.396Z"
  },
  {
    "stateHome": "success",
    "searchUrl": "/search-result/?originCodes=&destinationCodes=AGP,ATH,AUH,TVB,VRN&hotelIds=&subCategories=&calendarType=exactDate&dates=2025-10-27,2025-10-30&fullMonths=&paxByRoom=2,0,0&durations=&flightDirection=&category=vacation_pack&weekend=false&midweek=false#hidden=false",
    "time": "2025-06-04T08:07:49.078Z",
    "stateSearch": "succes",
    "productUrl": "/product-page?packageDates=2025-10-27,2025-10-30&hotelSupplier=FlyingCarpet&flightDestCode=DXB&hotelCode=61399&paxByRoom=2,0,0&packCateg=vacation_pack&foOw=&outbound=&packageIds=219041&odyAgentCode=#hidden=false"
  },
  {
    "stateHome": "success",
    "searchUrl": "/search-result/?originCodes=&destinationCodes=HER,KYR,LJU,TBS,TIA&hotelIds=&subCategories=&calendarType=exactDate&dates=2025-10-26,2025-10-30&fullMonths=&paxByRoom=2,0,0&durations=&flightDirection=&category=vacation_pack&weekend=false&midweek=false#hidden=false",
    "time": "2025-06-04T08:09:59.800Z",
    "stateSearch": "succes",
    "productUrl": "/product-page?packageDates=2025-10-26,2025-10-30&hotelSupplier=FlyingCarpet&flightDestCode=HER&hotelCode=61625&paxByRoom=2,0,0&packCateg=vacation_pack&foOw=&outbound=&packageIds=218877&odyAgentCode=#hidden=false"
  },
  {
    "stateHome": "success",
    "searchUrl": "/search-result/?originCodes=&destinationCodes=AMS,BSL,JMK,KYR,TBS&hotelIds=&subCategories=&calendarType=exactDate&dates=2025-10-20,2025-10-24&fullMonths=&paxByRoom=2,0,0&durations=&flightDirection=&category=vacation_pack&weekend=false&midweek=false#hidden=false",
    "time": "2025-06-04T08:11:04.351Z"
  },
  {
    "stateHome": "success",
    "searchUrl": "/search-result/?originCodes=&destinationCodes=BCN,BUS,FMG,HDB,LJU&hotelIds=&subCategories=&calendarType=exactDate&dates=2025-10-23,2025-10-26&fullMonths=&paxByRoom=2,0,0&durations=&flightDirection=&category=vacation_pack&weekend=false&midweek=false#hidden=false",
    "time": "2025-06-04T08:11:38.260Z",
    "stateSearch": "succes",
    "productUrl": "/product-page?packageDates=2025-10-23,2025-10-26&hotelSupplier=Hotelbeds&flightDestCode=BUS&hotelCode=610400&paxByRoom=2,0,0&packCateg=vacation_pack&foOw=&outbound=&packageIds=&odyAgentCode=#hidden=false"
  },
  {
    "stateHome": "success",
    "searchUrl": "/search-result/?originCodes=&destinationCodes=AMS,COS,QLI,ROM,VRN&hotelIds=&subCategories=&calendarType=exactDate&dates=2025-12-14,2025-12-18&fullMonths=&paxByRoom=2,0,0&durations=&flightDirection=&category=vacation_pack&weekend=false&midweek=false#hidden=false",
    "time": "2025-06-04T08:12:55.856Z"
  },
  {
    "stateHome": "success",
    "searchUrl": "/search-result/?originCodes=&destinationCodes=BAK,BUS,GRR,HER,JMK&hotelIds=&subCategories=&calendarType=exactDate&dates=2025-12-28,2026-01-01&fullMonths=&paxByRoom=2,0,0&durations=&flightDirection=&category=vacation_pack&weekend=false&midweek=false#hidden=false",
    "time": "2025-06-04T08:14:05.119Z",
    "stateSearch": "succes",
    "productUrl": "/product-page?packageDates=2025-12-28,2026-01-01&hotelSupplier=FlyingCarpet&flightDestCode=BAK&hotelCode=61690&paxByRoom=2,0,0&packCateg=vacation_pack&foOw=&outbound=&packageIds=218851&odyAgentCode=#hidden=false"
  },
  {
    "stateHome": "success",
    "searchUrl": "/search-result/?originCodes=&destinationCodes=FMG,KYR,PMI,TBS,ZELKAP&hotelIds=&subCategories=&calendarType=exactDate&dates=2025-10-20,2025-10-24&fullMonths=&paxByRoom=2,0,0&durations=&flightDirection=&category=vacation_pack&weekend=false&midweek=false#hidden=false",
    "time": "2025-06-04T08:16:11.996Z",
    "stateSearch": "succes",
    "productUrl": "/product-page?packageDates=2025-10-20,2025-10-24&hotelSupplier=FlyingCarpet&flightDestCode=LCA&hotelCode=57871&paxByRoom=2,0,0&packCateg=vacation_pack&foOw=&outbound=&packageIds=218961&odyAgentCode=#hidden=false"
  },
  {
    "stateHome": "success",
    "searchUrl": "/search-result/?originCodes=&destinationCodes=HDB,HER,KYR,LJU,TVB&hotelIds=&subCategories=&calendarType=exactDate&dates=2025-10-26,2025-10-30&fullMonths=&paxByRoom=2,0,0&durations=&flightDirection=&category=vacation_pack&weekend=false&midweek=false#hidden=false",
    "time": "2025-06-04T08:22:02.532Z",
    "stateSearch": "succes",
    "productUrl": "/product-page?packageDates=2025-10-26,2025-10-30&hotelSupplier=FlyingCarpet&flightDestCode=HER&hotelCode=53807&paxByRoom=2,0,0&packCateg=vacation_pack&foOw=&outbound=&packageIds=218877&odyAgentCode=#hidden=false"
  },
  {
    "stateHome": "success",
    "searchUrl": "/search-result/?originCodes=&destinationCodes=BCN,COS,HER,RHO,TVB&hotelIds=&subCategories=&calendarType=exactDate&dates=2025-10-26,2025-10-30&fullMonths=&paxByRoom=2,0,0&durations=&flightDirection=&category=vacation_pack&weekend=false&midweek=false#hidden=false",
    "time": "2025-06-04T08:24:46.196Z"
  },
  {
    "stateHome": "success",
    "searchUrl": "/search-result/?originCodes=&destinationCodes=AUH,BCN,BSL,HER,ZELKAP&hotelIds=&subCategories=&calendarType=exactDate&dates=2025-10-27,2025-10-30&fullMonths=&paxByRoom=2,0,0&durations=&flightDirection=&category=vacation_pack&weekend=false&midweek=false#hidden=false",
    "time": "2025-06-04T08:26:36.967Z",
    "stateSearch": "succes",
    "productUrl": "/product-page?packageDates=2025-10-27,2025-10-30&hotelSupplier=FlyingCarpet&flightDestCode=DXB&hotelCode=61399&paxByRoom=2,0,0&packCateg=vacation_pack&foOw=&outbound=&packageIds=219041&odyAgentCode=#hidden=false"
  },
  {
    "stateHome": "success",
    "searchUrl": "/search-result/?originCodes=&destinationCodes=AUH,FMG,QLI,RHO,VRN&hotelIds=&subCategories=&calendarType=exactDate&dates=2025-10-27,2025-10-30&fullMonths=&paxByRoom=2,0,0&durations=&flightDirection=&category=vacation_pack&weekend=false&midweek=false#hidden=false",
    "time": "2025-06-04T08:29:13.878Z",
    "stateSearch": "succes",
    "productUrl": "/product-page?packageDates=2025-10-27,2025-10-30&hotelSupplier=FlyingCarpet&flightDestCode=DXB&hotelCode=61399&paxByRoom=2,0,0&packCateg=vacation_pack&foOw=&outbound=&packageIds=219041&odyAgentCode=#hidden=false"
  },
  {
    "stateHome": "success",
    "searchUrl": "/search-result/?originCodes=&destinationCodes=JMK,LCA,MIL,PRT,TIVBDV&hotelIds=&subCategories=&calendarType=exactDate&dates=2025-10-20,2025-10-24&fullMonths=&paxByRoom=2,0,0&durations=&flightDirection=&category=vacation_pack&weekend=false&midweek=false#hidden=false",
    "time": "2025-06-04T08:31:45.311Z",
    "stateSearch": "succes",
    "productUrl": "/product-page?packageDates=2025-10-20,2025-10-24&hotelSupplier=FlyingCarpet&flightDestCode=LCA&hotelCode=60721&paxByRoom=2,0,0&packCateg=vacation_pack&foOw=&outbound=&packageIds=218943&odyAgentCode=#hidden=false",
    "statePassenger": "success",
    "passengerUrl": "https://new.flying.co.il/booking/passenger-detail?category=vacation_pack&packageSelectionId=ed9c8279-6dee-40b8-bf70-6b85fa12fdd0&flightId=1-218943-1&storeId=9e71ef6b-3425-4da3-950e-d08f368e9520"
  },
  {
    "stateHome": "success",
    "searchUrl": "/search-result/?originCodes=&destinationCodes=BAK,LCA,PFO,TBS,VRN&hotelIds=&subCategories=&calendarType=exactDate&dates=2025-12-28,2026-01-01&fullMonths=&paxByRoom=2,0,0&durations=&flightDirection=&category=vacation_pack&weekend=false&midweek=false#hidden=false",
    "time": "2025-06-04T08:35:16.524Z",
    "stateSearch": "succes",
    "productUrl": "/product-page?packageDates=2025-12-28,2026-01-01&hotelSupplier=FlyingCarpet&flightDestCode=BAK&hotelCode=58681&paxByRoom=2,0,0&packCateg=vacation_pack&foOw=&outbound=&packageIds=218851&odyAgentCode=#hidden=false",
    "statePassenger": "success",
    "passengerUrl": "https://new.flying.co.il/booking/passenger-detail?category=vacation_pack&packageSelectionId=7238b48d-fecb-4acf-8f15-0f846eeb09e7&flightId=1-218851-1&storeId=a83cecbf-50a1-4b6a-95a3-75b7c4dcb3de"
  }
]